user_id,event_time,event_name,revenue,device_type,channel,feature,session_id,nps_score
18,2024-01-01 00:00:00+00:00,feature_use,4.99,ios,ads,B,1900,7
155,2024-01-01 06:00:00+00:00,purchase,4.99,web,ads,C,1414,7
131,2024-01-01 12:00:00+00:00,purchase,9.99,ios,organic,B,1969,2
88,2024-01-01 18:00:00+00:00,feature_use,9.99,android,email,B,1570,3
87,2024-01-02 00:00:00+00:00,feature_use,4.99,web,email,B,1385,10
171,2024-01-02 06:00:00+00:00,feature_use,0.0,web,email,A,1000,9
18,2024-01-02 12:00:00+00:00,open,1.99,ios,organic,A,1611,4
139,2024-01-02 18:00:00+00:00,purchase,0.0,android,email,C,1644,2
41,2024-01-03 00:00:00+00:00,open,1.99,ios,email,A,1968,3
19,2024-01-03 06:00:00+00:00,open,4.99,ios,ads,A,1718,5
105,2024-01-03 12:00:00+00:00,open,0.0,android,email,B,1029,6
195,2024-01-03 18:00:00+00:00,purchase,1.99,web,ads,C,1567,2
147,2024-01-04 00:00:00+00:00,open,0.0,web,organic,B,1742,0
152,2024-01-04 06:00:00+00:00,open,4.99,android,email,B,1496,5
143,2024-01-04 12:00:00+00:00,open,0.0,ios,organic,B,1429,8
157,2024-01-04 18:00:00+00:00,open,0.0,ios,email,A,1809,1
103,2024-01-05 00:00:00+00:00,open,1.99,ios,ads,A,1611,4
26,2024-01-05 06:00:00+00:00,feature_use,0.0,ios,organic,A,1681,1
168,2024-01-05 12:00:00+00:00,open,1.99,ios,email,C,1464,2
90,2024-01-05 18:00:00+00:00,purchase,4.99,web,organic,C,1278,6
100,2024-01-06 00:00:00+00:00,purchase,0.0,ios,email,A,1519,3
74,2024-01-06 06:00:00+00:00,open,0.0,ios,organic,A,1959,2
37,2024-01-06 12:00:00+00:00,open,0.0,android,email,A,1602,10
185,2024-01-06 18:00:00+00:00,feature_use,0.0,ios,organic,C,1707,1
156,2024-01-07 00:00:00+00:00,open,0.0,android,email,B,1124,2
129,2024-01-07 06:00:00+00:00,open,1.99,ios,ads,C,1987,10
81,2024-01-07 12:00:00+00:00,error,0.0,ios,ads,B,1244,6
164,2024-01-07 18:00:00+00:00,error,4.99,android,ads,C,1971,0
109,2024-01-08 00:00:00+00:00,feature_use,0.0,web,email,B,1445,4
89,2024-01-08 06:00:00+00:00,open,9.99,android,ads,A,1918,6
90,2024-01-08 12:00:00+00:00,feature_use,4.99,android,ads,C,1891,2
46,2024-01-08 18:00:00+00:00,feature_use,0.0,android,email,C,1755,6
19,2024-01-09 00:00:00+00:00,open,1.99,ios,organic,C,1916,7
111,2024-01-09 06:00:00+00:00,feature_use,0.0,ios,ads,C,1609,2
177,2024-01-09 12:00:00+00:00,open,0.0,android,ads,A,1848,8
13,2024-01-09 18:00:00+00:00,open,9.99,ios,ads,A,1172,4
171,2024-01-10 00:00:00+00:00,feature_use,4.99,web,email,B,1070,10
165,2024-01-10 06:00:00+00:00,open,0.0,android,organic,A,1543,0
56,2024-01-10 12:00:00+00:00,open,0.0,ios,email,B,1809,3
126,2024-01-10 18:00:00+00:00,purchase,0.0,android,ads,A,1765,7
33,2024-01-11 00:00:00+00:00,error,0.0,ios,organic,B,1527,9
151,2024-01-11 06:00:00+00:00,feature_use,0.0,android,ads,B,1520,2
140,2024-01-11 12:00:00+00:00,purchase,0.0,web,organic,B,1609,10
71,2024-01-11 18:00:00+00:00,error,1.99,ios,organic,C,1868,2
14,2024-01-12 00:00:00+00:00,open,0.0,android,email,B,1841,4
194,2024-01-12 06:00:00+00:00,open,9.99,ios,organic,B,1109,3
89,2024-01-12 12:00:00+00:00,open,4.99,android,email,A,1595,4
178,2024-01-12 18:00:00+00:00,open,4.99,ios,organic,B,1380,9
135,2024-01-13 00:00:00+00:00,feature_use,0.0,android,ads,A,1799,8
155,2024-01-13 06:00:00+00:00,open,4.99,android,email,A,1505,8
152,2024-01-13 12:00:00+00:00,open,9.99,ios,organic,B,1991,2
39,2024-01-13 18:00:00+00:00,open,0.0,android,ads,A,1432,10
73,2024-01-14 00:00:00+00:00,open,4.99,web,email,B,1679,4
93,2024-01-14 06:00:00+00:00,purchase,0.0,web,email,A,1108,7
100,2024-01-14 12:00:00+00:00,open,4.99,ios,ads,C,1932,7
9,2024-01-14 18:00:00+00:00,open,0.0,android,email,C,1153,7
109,2024-01-15 00:00:00+00:00,open,4.99,web,email,A,1378,6
31,2024-01-15 06:00:00+00:00,open,0.0,android,email,B,1837,5
148,2024-01-15 12:00:00+00:00,feature_use,0.0,ios,ads,B,1967,7
136,2024-01-15 18:00:00+00:00,open,0.0,android,organic,B,1484,9
184,2024-01-16 00:00:00+00:00,open,0.0,ios,organic,B,1484,4
149,2024-01-16 06:00:00+00:00,open,0.0,ios,organic,C,1048,5
73,2024-01-16 12:00:00+00:00,purchase,0.0,android,organic,B,1978,1
193,2024-01-16 18:00:00+00:00,feature_use,0.0,android,organic,A,1016,3
82,2024-01-17 00:00:00+00:00,feature_use,4.99,web,organic,B,1026,8
65,2024-01-17 06:00:00+00:00,feature_use,1.99,android,email,A,1473,7
181,2024-01-17 12:00:00+00:00,feature_use,4.99,web,organic,B,1003,2
74,2024-01-17 18:00:00+00:00,open,4.99,android,ads,A,1164,6
16,2024-01-18 00:00:00+00:00,open,0.0,web,ads,A,1627,8
94,2024-01-18 06:00:00+00:00,feature_use,0.0,ios,email,C,1705,1
159,2024-01-18 12:00:00+00:00,open,0.0,ios,email,A,1298,0
38,2024-01-18 18:00:00+00:00,purchase,0.0,web,organic,C,1795,4
93,2024-01-19 00:00:00+00:00,open,0.0,web,ads,C,1607,7
26,2024-01-19 06:00:00+00:00,feature_use,4.99,web,email,B,1228,3
137,2024-01-19 12:00:00+00:00,purchase,1.99,ios,ads,C,1712,9
95,2024-01-19 18:00:00+00:00,feature_use,4.99,ios,organic,A,1592,9
66,2024-01-20 00:00:00+00:00,purchase,0.0,web,ads,A,1812,5
46,2024-01-20 06:00:00+00:00,feature_use,4.99,android,ads,A,1154,4
113,2024-01-20 12:00:00+00:00,purchase,0.0,ios,email,B,1230,0
134,2024-01-20 18:00:00+00:00,open,0.0,web,organic,B,1303,9
188,2024-01-21 00:00:00+00:00,open,0.0,web,ads,C,1341,9
87,2024-01-21 06:00:00+00:00,feature_use,4.99,ios,organic,B,1888,4
32,2024-01-21 12:00:00+00:00,open,0.0,web,ads,A,1732,5
166,2024-01-21 18:00:00+00:00,open,0.0,web,organic,C,1544,8
126,2024-01-22 00:00:00+00:00,purchase,0.0,android,organic,C,1540,7
140,2024-01-22 06:00:00+00:00,feature_use,0.0,android,organic,C,1885,1
20,2024-01-22 12:00:00+00:00,open,0.0,ios,email,B,1446,7
63,2024-01-22 18:00:00+00:00,open,0.0,web,ads,B,1225,10
153,2024-01-23 00:00:00+00:00,open,0.0,web,ads,B,1136,8
166,2024-01-23 06:00:00+00:00,open,0.0,web,organic,C,1330,5
87,2024-01-23 12:00:00+00:00,purchase,0.0,web,email,A,1653,5
161,2024-01-23 18:00:00+00:00,open,0.0,ios,organic,C,1470,2
168,2024-01-24 00:00:00+00:00,open,4.99,android,ads,A,1421,7
78,2024-01-24 06:00:00+00:00,feature_use,0.0,android,email,B,1480,2
179,2024-01-24 12:00:00+00:00,open,9.99,web,organic,A,1974,3
58,2024-01-24 18:00:00+00:00,open,4.99,android,ads,B,1997,2
48,2024-01-25 00:00:00+00:00,feature_use,0.0,android,organic,C,1161,3
136,2024-01-25 06:00:00+00:00,feature_use,0.0,ios,ads,C,1114,4
127,2024-01-25 12:00:00+00:00,error,0.0,web,email,C,1244,0
28,2024-01-25 18:00:00+00:00,feature_use,0.0,android,ads,A,1851,7
166,2024-01-26 00:00:00+00:00,open,0.0,ios,organic,A,1459,4
40,2024-01-26 06:00:00+00:00,feature_use,0.0,web,organic,C,1863,10
161,2024-01-26 12:00:00+00:00,purchase,0.0,ios,ads,B,1646,1
2,2024-01-26 18:00:00+00:00,feature_use,0.0,ios,organic,A,1553,7
159,2024-01-27 00:00:00+00:00,error,4.99,ios,ads,C,1281,1
157,2024-01-27 06:00:00+00:00,feature_use,0.0,android,organic,B,1344,6
156,2024-01-27 12:00:00+00:00,purchase,9.99,ios,email,A,1147,5
133,2024-01-27 18:00:00+00:00,open,0.0,web,email,C,1519,4
94,2024-01-28 00:00:00+00:00,feature_use,9.99,android,ads,B,1280,7
141,2024-01-28 06:00:00+00:00,open,0.0,ios,ads,B,1292,9
56,2024-01-28 12:00:00+00:00,feature_use,1.99,ios,organic,C,1039,3
156,2024-01-28 18:00:00+00:00,feature_use,4.99,android,email,B,1799,9
111,2024-01-29 00:00:00+00:00,error,0.0,ios,email,B,1939,2
92,2024-01-29 06:00:00+00:00,error,9.99,web,ads,B,1498,3
101,2024-01-29 12:00:00+00:00,open,0.0,ios,ads,A,1536,3
114,2024-01-29 18:00:00+00:00,feature_use,0.0,android,ads,A,1925,10
8,2024-01-30 00:00:00+00:00,feature_use,1.99,ios,ads,C,1511,1
28,2024-01-30 06:00:00+00:00,open,1.99,ios,organic,A,1622,4
49,2024-01-30 12:00:00+00:00,open,0.0,ios,email,B,1428,4
23,2024-01-30 18:00:00+00:00,open,9.99,ios,ads,A,1514,8
88,2024-01-31 00:00:00+00:00,feature_use,1.99,web,email,A,1521,5
134,2024-01-31 06:00:00+00:00,open,9.99,web,organic,B,1711,10
131,2024-01-31 12:00:00+00:00,error,0.0,web,organic,C,1604,8
94,2024-01-31 18:00:00+00:00,open,1.99,ios,email,B,1503,7
171,2024-02-01 00:00:00+00:00,error,0.0,web,ads,A,1075,8
113,2024-02-01 06:00:00+00:00,open,9.99,android,email,A,1904,1
16,2024-02-01 12:00:00+00:00,feature_use,4.99,ios,ads,A,1888,4
153,2024-02-01 18:00:00+00:00,open,9.99,ios,organic,C,1184,6
115,2024-02-02 00:00:00+00:00,feature_use,1.99,android,email,A,1293,2
127,2024-02-02 06:00:00+00:00,purchase,4.99,android,organic,B,1973,1
113,2024-02-02 12:00:00+00:00,purchase,0.0,ios,ads,A,1321,1
111,2024-02-02 18:00:00+00:00,purchase,0.0,web,organic,B,1812,8
19,2024-02-03 00:00:00+00:00,open,4.99,web,organic,C,1785,7
112,2024-02-03 06:00:00+00:00,open,0.0,android,ads,B,1860,3
159,2024-02-03 12:00:00+00:00,open,4.99,web,email,B,1016,8
61,2024-02-03 18:00:00+00:00,open,0.0,web,ads,A,1482,7
120,2024-02-04 00:00:00+00:00,feature_use,1.99,web,organic,A,1565,8
7,2024-02-04 06:00:00+00:00,feature_use,0.0,ios,organic,C,1837,10
70,2024-02-04 12:00:00+00:00,feature_use,0.0,web,ads,A,1224,9
87,2024-02-04 18:00:00+00:00,purchase,0.0,android,email,B,1306,1
196,2024-02-05 00:00:00+00:00,feature_use,0.0,web,organic,A,1179,8
43,2024-02-05 06:00:00+00:00,purchase,0.0,web,ads,A,1761,4
56,2024-02-05 12:00:00+00:00,open,0.0,ios,organic,B,1998,4
82,2024-02-05 18:00:00+00:00,open,1.99,android,organic,C,1140,7
198,2024-02-06 00:00:00+00:00,feature_use,4.99,ios,organic,A,1233,6
170,2024-02-06 06:00:00+00:00,purchase,1.99,ios,email,C,1307,4
7,2024-02-06 12:00:00+00:00,open,1.99,android,organic,B,1889,10
47,2024-02-06 18:00:00+00:00,feature_use,9.99,web,email,C,1445,1
164,2024-02-07 00:00:00+00:00,feature_use,9.99,web,organic,A,1281,1
12,2024-02-07 06:00:00+00:00,open,0.0,android,organic,C,1322,0
171,2024-02-07 12:00:00+00:00,open,4.99,ios,ads,A,1598,8
56,2024-02-07 18:00:00+00:00,purchase,0.0,android,organic,C,1387,4
183,2024-02-08 00:00:00+00:00,feature_use,0.0,web,ads,B,1140,4
59,2024-02-08 06:00:00+00:00,open,4.99,web,email,B,1820,7
87,2024-02-08 12:00:00+00:00,purchase,0.0,ios,email,A,1422,4
132,2024-02-08 18:00:00+00:00,open,9.99,ios,email,B,1256,6
26,2024-02-09 00:00:00+00:00,purchase,4.99,web,email,A,1728,0
111,2024-02-09 06:00:00+00:00,open,9.99,ios,ads,B,1745,1
101,2024-02-09 12:00:00+00:00,feature_use,4.99,ios,ads,C,1155,10
156,2024-02-09 18:00:00+00:00,open,9.99,ios,email,A,1073,4
199,2024-02-10 00:00:00+00:00,open,0.0,android,organic,A,1045,1
133,2024-02-10 06:00:00+00:00,purchase,9.99,android,ads,A,1765,4
82,2024-02-10 12:00:00+00:00,open,0.0,android,ads,A,1625,3
81,2024-02-10 18:00:00+00:00,open,0.0,ios,email,A,1792,3
84,2024-02-11 00:00:00+00:00,open,0.0,web,organic,A,1626,3
162,2024-02-11 06:00:00+00:00,feature_use,0.0,web,ads,B,1401,8
64,2024-02-11 12:00:00+00:00,purchase,4.99,android,email,A,1589,1
34,2024-02-11 18:00:00+00:00,error,0.0,ios,ads,C,1722,3
67,2024-02-12 00:00:00+00:00,open,4.99,android,organic,C,1398,5
5,2024-02-12 06:00:00+00:00,open,1.99,web,ads,C,1915,5
22,2024-02-12 12:00:00+00:00,open,1.99,android,organic,B,1899,9
18,2024-02-12 18:00:00+00:00,feature_use,9.99,ios,organic,A,1800,10
154,2024-02-13 00:00:00+00:00,error,0.0,android,email,C,1992,3
144,2024-02-13 06:00:00+00:00,feature_use,0.0,android,organic,A,1390,5
139,2024-02-13 12:00:00+00:00,feature_use,9.99,android,ads,B,1114,0
92,2024-02-13 18:00:00+00:00,open,1.99,android,ads,B,1484,6
143,2024-02-14 00:00:00+00:00,purchase,1.99,ios,ads,C,1745,1
33,2024-02-14 06:00:00+00:00,open,0.0,web,organic,B,1779,0
180,2024-02-14 12:00:00+00:00,open,0.0,android,ads,C,1388,7
100,2024-02-14 18:00:00+00:00,open,0.0,android,organic,C,1292,1
187,2024-02-15 00:00:00+00:00,open,0.0,android,email,B,1445,5
31,2024-02-15 06:00:00+00:00,open,0.0,android,email,C,1803,1
99,2024-02-15 12:00:00+00:00,open,4.99,ios,organic,A,1060,8
139,2024-02-15 18:00:00+00:00,open,0.0,web,email,C,1328,8
99,2024-02-16 00:00:00+00:00,feature_use,1.99,ios,email,A,1229,6
89,2024-02-16 06:00:00+00:00,open,9.99,android,organic,C,1805,9
34,2024-02-16 12:00:00+00:00,open,4.99,ios,email,B,1469,4
76,2024-02-16 18:00:00+00:00,error,0.0,ios,ads,C,1086,2
48,2024-02-17 00:00:00+00:00,feature_use,0.0,ios,email,A,1261,1
61,2024-02-17 06:00:00+00:00,feature_use,9.99,web,ads,B,1044,2
137,2024-02-17 12:00:00+00:00,open,0.0,android,email,C,1475,2
126,2024-02-17 18:00:00+00:00,purchase,4.99,android,email,A,1997,3
121,2024-02-18 00:00:00+00:00,open,4.99,web,organic,A,1567,2
73,2024-02-18 06:00:00+00:00,open,0.0,ios,ads,A,1869,6
191,2024-02-18 12:00:00+00:00,purchase,4.99,android,organic,A,1742,1
18,2024-02-18 18:00:00+00:00,feature_use,0.0,android,organic,B,1882,6
69,2024-02-19 00:00:00+00:00,feature_use,0.0,android,email,B,1311,3
24,2024-02-19 06:00:00+00:00,feature_use,4.99,ios,email,A,1951,7
68,2024-02-19 12:00:00+00:00,feature_use,9.99,web,organic,A,1238,5
192,2024-02-19 18:00:00+00:00,open,0.0,ios,email,A,1438,9
73,2024-02-20 00:00:00+00:00,open,9.99,web,organic,C,1681,4
181,2024-02-20 06:00:00+00:00,open,9.99,web,organic,C,1286,3
99,2024-02-20 12:00:00+00:00,open,4.99,android,email,A,1264,6
140,2024-02-20 18:00:00+00:00,purchase,0.0,ios,email,A,1130,7
92,2024-02-21 00:00:00+00:00,open,0.0,ios,organic,A,1004,4
53,2024-02-21 06:00:00+00:00,feature_use,4.99,web,organic,C,1501,6
153,2024-02-21 12:00:00+00:00,feature_use,9.99,web,email,C,1986,5
193,2024-02-21 18:00:00+00:00,feature_use,4.99,web,email,C,1220,3
53,2024-02-22 00:00:00+00:00,open,0.0,ios,organic,A,1440,3
155,2024-02-22 06:00:00+00:00,open,0.0,android,ads,B,1935,9
52,2024-02-22 12:00:00+00:00,error,9.99,ios,ads,A,1772,7
143,2024-02-22 18:00:00+00:00,feature_use,0.0,web,ads,C,1004,1
158,2024-02-23 00:00:00+00:00,purchase,0.0,android,organic,B,1500,10
90,2024-02-23 06:00:00+00:00,purchase,9.99,web,organic,A,1143,7
147,2024-02-23 12:00:00+00:00,feature_use,1.99,web,email,C,1247,0
55,2024-02-23 18:00:00+00:00,open,0.0,web,ads,B,1246,8
16,2024-02-24 00:00:00+00:00,feature_use,0.0,android,email,B,1612,6
20,2024-02-24 06:00:00+00:00,open,0.0,android,organic,A,1198,10
89,2024-02-24 12:00:00+00:00,feature_use,9.99,android,ads,A,1251,5
180,2024-02-24 18:00:00+00:00,error,0.0,ios,organic,C,1225,5
26,2024-02-25 00:00:00+00:00,feature_use,4.99,ios,ads,A,1356,3
91,2024-02-25 06:00:00+00:00,open,0.0,android,email,A,1656,3
141,2024-02-25 12:00:00+00:00,open,4.99,web,email,C,1399,6
41,2024-02-25 18:00:00+00:00,error,4.99,android,email,A,1327,9
144,2024-02-26 00:00:00+00:00,open,1.99,web,organic,B,1517,9
61,2024-02-26 06:00:00+00:00,open,4.99,ios,organic,C,1615,8
161,2024-02-26 12:00:00+00:00,open,1.99,android,ads,B,1015,6
116,2024-02-26 18:00:00+00:00,open,0.0,android,email,B,1890,5
109,2024-02-27 00:00:00+00:00,open,4.99,android,ads,A,1916,3
36,2024-02-27 06:00:00+00:00,feature_use,9.99,ios,ads,B,1602,8
93,2024-02-27 12:00:00+00:00,open,9.99,ios,ads,B,1574,3
171,2024-02-27 18:00:00+00:00,open,0.0,web,organic,B,1694,2
4,2024-02-28 00:00:00+00:00,open,4.99,android,ads,A,1440,9
151,2024-02-28 06:00:00+00:00,open,0.0,ios,ads,A,1365,6
99,2024-02-28 12:00:00+00:00,open,1.99,ios,organic,C,1352,3
144,2024-02-28 18:00:00+00:00,feature_use,1.99,ios,email,C,1159,9
132,2024-02-29 00:00:00+00:00,open,0.0,web,organic,C,1841,10
86,2024-02-29 06:00:00+00:00,open,9.99,ios,email,A,1320,3
62,2024-02-29 12:00:00+00:00,open,9.99,web,email,C,1284,5
125,2024-02-29 18:00:00+00:00,open,0.0,ios,email,A,1964,5
28,2024-03-01 00:00:00+00:00,open,0.0,android,organic,B,1506,7
117,2024-03-01 06:00:00+00:00,open,0.0,ios,email,A,1621,10
19,2024-03-01 12:00:00+00:00,purchase,9.99,web,email,C,1245,6
130,2024-03-01 18:00:00+00:00,open,1.99,ios,email,A,1277,8
126,2024-03-02 00:00:00+00:00,feature_use,4.99,android,organic,C,1728,6
17,2024-03-02 06:00:00+00:00,open,4.99,ios,ads,A,1450,9
151,2024-03-02 12:00:00+00:00,open,4.99,ios,organic,C,1147,4
83,2024-03-02 18:00:00+00:00,open,0.0,ios,email,B,1835,4
157,2024-03-03 00:00:00+00:00,feature_use,0.0,web,email,A,1402,4
9,2024-03-03 06:00:00+00:00,purchase,0.0,android,organic,A,1668,10
36,2024-03-03 12:00:00+00:00,open,0.0,android,ads,C,1341,6
99,2024-03-03 18:00:00+00:00,open,4.99,android,organic,A,1560,1
38,2024-03-04 00:00:00+00:00,open,0.0,web,email,A,1775,0
66,2024-03-04 06:00:00+00:00,open,0.0,android,organic,B,1885,5
132,2024-03-04 12:00:00+00:00,feature_use,0.0,android,organic,A,1207,8
29,2024-03-04 18:00:00+00:00,open,0.0,ios,organic,A,1672,5
135,2024-03-05 00:00:00+00:00,open,0.0,ios,ads,B,1914,6
21,2024-03-05 06:00:00+00:00,purchase,0.0,ios,ads,C,1642,8
35,2024-03-05 12:00:00+00:00,open,1.99,android,email,C,1143,5
117,2024-03-05 18:00:00+00:00,open,0.0,ios,ads,C,1189,9
158,2024-03-06 00:00:00+00:00,feature_use,0.0,ios,email,A,1202,7
34,2024-03-06 06:00:00+00:00,open,0.0,ios,ads,B,1106,8
60,2024-03-06 12:00:00+00:00,open,4.99,ios,organic,A,1753,8
185,2024-03-06 18:00:00+00:00,open,9.99,web,organic,C,1965,6
197,2024-03-07 00:00:00+00:00,purchase,1.99,android,email,B,1516,0
116,2024-03-07 06:00:00+00:00,open,1.99,web,email,A,1598,4
89,2024-03-07 12:00:00+00:00,open,4.99,android,organic,C,1773,1
70,2024-03-07 18:00:00+00:00,open,4.99,web,organic,A,1415,5
122,2024-03-08 00:00:00+00:00,open,0.0,ios,email,A,1472,1
118,2024-03-08 06:00:00+00:00,feature_use,9.99,android,organic,C,1589,5
59,2024-03-08 12:00:00+00:00,open,0.0,web,ads,B,1304,3
5,2024-03-08 18:00:00+00:00,feature_use,0.0,android,organic,C,1061,0
31,2024-03-09 00:00:00+00:00,feature_use,1.99,web,ads,B,1567,1
191,2024-03-09 06:00:00+00:00,purchase,0.0,ios,organic,C,1822,5
84,2024-03-09 12:00:00+00:00,open,0.0,ios,organic,B,1073,0
96,2024-03-09 18:00:00+00:00,purchase,9.99,web,ads,A,1216,9
93,2024-03-10 00:00:00+00:00,feature_use,0.0,ios,ads,A,1262,8
156,2024-03-10 06:00:00+00:00,open,0.0,web,email,C,1804,7
13,2024-03-10 12:00:00+00:00,feature_use,9.99,web,organic,A,1504,1
17,2024-03-10 18:00:00+00:00,purchase,4.99,web,ads,B,1534,8
55,2024-03-11 00:00:00+00:00,open,0.0,android,email,A,1645,6
97,2024-03-11 06:00:00+00:00,purchase,4.99,web,email,A,1276,4
134,2024-03-11 12:00:00+00:00,open,9.99,ios,email,B,1713,0
98,2024-03-11 18:00:00+00:00,feature_use,0.0,android,email,A,1030,5
88,2024-03-12 00:00:00+00:00,error,0.0,ios,email,B,1113,8
187,2024-03-12 06:00:00+00:00,open,0.0,web,organic,C,1815,0
33,2024-03-12 12:00:00+00:00,purchase,0.0,web,ads,A,1658,0
114,2024-03-12 18:00:00+00:00,open,0.0,web,email,A,1176,4
108,2024-03-13 00:00:00+00:00,feature_use,0.0,web,ads,A,1438,5
95,2024-03-13 06:00:00+00:00,feature_use,0.0,ios,ads,C,1051,5
161,2024-03-13 12:00:00+00:00,open,0.0,ios,email,B,1671,4
54,2024-03-13 18:00:00+00:00,open,0.0,web,email,B,1755,2
190,2024-03-14 00:00:00+00:00,open,0.0,android,organic,A,1278,0
66,2024-03-14 06:00:00+00:00,open,0.0,ios,email,C,1350,0
109,2024-03-14 12:00:00+00:00,open,0.0,web,email,A,1236,1
104,2024-03-14 18:00:00+00:00,open,4.99,web,email,C,1389,7
170,2024-03-15 00:00:00+00:00,open,0.0,android,ads,A,1272,8
88,2024-03-15 06:00:00+00:00,open,9.99,web,organic,C,1247,4
57,2024-03-15 12:00:00+00:00,feature_use,1.99,ios,ads,A,1430,0
5,2024-03-15 18:00:00+00:00,feature_use,4.99,ios,email,A,1859,4
73,2024-03-16 00:00:00+00:00,feature_use,1.99,ios,ads,B,1762,10
165,2024-03-16 06:00:00+00:00,open,0.0,android,email,A,1297,2
2,2024-03-16 12:00:00+00:00,purchase,1.99,ios,ads,A,1942,5
179,2024-03-16 18:00:00+00:00,feature_use,0.0,ios,organic,B,1210,5
109,2024-03-17 00:00:00+00:00,open,0.0,web,ads,A,1910,3
28,2024-03-17 06:00:00+00:00,open,0.0,web,email,B,1309,4
61,2024-03-17 12:00:00+00:00,feature_use,0.0,web,organic,C,1540,5
111,2024-03-17 18:00:00+00:00,open,0.0,web,email,A,1203,5
63,2024-03-18 00:00:00+00:00,feature_use,0.0,web,ads,B,1762,7
22,2024-03-18 06:00:00+00:00,error,9.99,android,organic,A,1317,6
133,2024-03-18 12:00:00+00:00,open,1.99,android,email,B,1872,0
134,2024-03-18 18:00:00+00:00,open,0.0,web,email,A,1082,0
24,2024-03-19 00:00:00+00:00,error,9.99,android,ads,A,1502,4
56,2024-03-19 06:00:00+00:00,feature_use,0.0,ios,organic,A,1158,9
49,2024-03-19 12:00:00+00:00,open,0.0,web,organic,C,1888,0
132,2024-03-19 18:00:00+00:00,purchase,9.99,ios,organic,A,1417,0
146,2024-03-20 00:00:00+00:00,purchase,1.99,web,organic,C,1674,7
145,2024-03-20 06:00:00+00:00,feature_use,0.0,android,ads,C,1879,4
187,2024-03-20 12:00:00+00:00,feature_use,0.0,web,email,B,1535,2
153,2024-03-20 18:00:00+00:00,open,0.0,ios,ads,A,1057,2
64,2024-03-21 00:00:00+00:00,open,0.0,android,ads,C,1220,7
22,2024-03-21 06:00:00+00:00,feature_use,0.0,android,email,C,1212,5
123,2024-03-21 12:00:00+00:00,open,4.99,android,email,A,1914,7
183,2024-03-21 18:00:00+00:00,feature_use,1.99,ios,organic,C,1908,3
195,2024-03-22 00:00:00+00:00,purchase,0.0,web,email,C,1476,5
46,2024-03-22 06:00:00+00:00,open,4.99,android,organic,A,1890,9
48,2024-03-22 12:00:00+00:00,feature_use,0.0,web,organic,A,1246,3
8,2024-03-22 18:00:00+00:00,open,0.0,android,ads,C,1679,4
29,2024-03-23 00:00:00+00:00,purchase,0.0,ios,ads,A,1391,1
111,2024-03-23 06:00:00+00:00,open,9.99,web,organic,B,1240,7
109,2024-03-23 12:00:00+00:00,feature_use,1.99,ios,organic,A,1250,0
74,2024-03-23 18:00:00+00:00,feature_use,9.99,ios,email,C,1419,2
62,2024-03-24 00:00:00+00:00,open,0.0,web,organic,A,1339,7
166,2024-03-24 06:00:00+00:00,feature_use,9.99,web,email,A,1211,0
92,2024-03-24 12:00:00+00:00,feature_use,0.0,web,organic,A,1334,10
161,2024-03-24 18:00:00+00:00,feature_use,0.0,android,ads,A,1128,4
192,2024-03-25 00:00:00+00:00,feature_use,1.99,web,email,B,1969,4
64,2024-03-25 06:00:00+00:00,error,0.0,ios,organic,A,1379,5
41,2024-03-25 12:00:00+00:00,open,9.99,web,organic,C,1107,7
190,2024-03-25 18:00:00+00:00,feature_use,9.99,android,organic,B,1575,5
127,2024-03-26 00:00:00+00:00,open,1.99,ios,ads,A,1883,9
58,2024-03-26 06:00:00+00:00,feature_use,0.0,android,organic,C,1359,10
124,2024-03-26 12:00:00+00:00,feature_use,0.0,android,organic,B,1845,2
103,2024-03-26 18:00:00+00:00,open,1.99,ios,organic,C,1610,7
181,2024-03-27 00:00:00+00:00,open,1.99,android,ads,A,1739,3
51,2024-03-27 06:00:00+00:00,purchase,4.99,android,organic,C,1296,10
198,2024-03-27 12:00:00+00:00,open,1.99,ios,organic,B,1036,2
187,2024-03-27 18:00:00+00:00,feature_use,0.0,ios,organic,C,1345,3
36,2024-03-28 00:00:00+00:00,open,0.0,web,ads,B,1924,7
33,2024-03-28 06:00:00+00:00,error,4.99,android,organic,C,1790,8
107,2024-03-28 12:00:00+00:00,open,0.0,android,ads,B,1784,1
9,2024-03-28 18:00:00+00:00,open,9.99,android,organic,A,1878,6
60,2024-03-29 00:00:00+00:00,purchase,0.0,android,ads,A,1373,3
87,2024-03-29 06:00:00+00:00,purchase,4.99,android,organic,C,1322,6
193,2024-03-29 12:00:00+00:00,open,9.99,android,email,C,1925,6
198,2024-03-29 18:00:00+00:00,open,0.0,web,email,B,1571,10
31,2024-03-30 00:00:00+00:00,feature_use,0.0,web,email,C,1297,10
178,2024-03-30 06:00:00+00:00,purchase,9.99,ios,email,A,1278,7
19,2024-03-30 12:00:00+00:00,open,0.0,web,ads,A,1877,7
149,2024-03-30 18:00:00+00:00,feature_use,1.99,web,organic,B,1053,9
169,2024-03-31 00:00:00+00:00,feature_use,9.99,ios,organic,B,1061,2
178,2024-03-31 06:00:00+00:00,feature_use,4.99,web,email,C,1737,7
45,2024-03-31 12:00:00+00:00,feature_use,0.0,android,organic,C,1001,8
178,2024-03-31 18:00:00+00:00,feature_use,4.99,web,email,A,1171,1
24,2024-04-01 00:00:00+00:00,open,0.0,android,ads,C,1990,9
104,2024-04-01 06:00:00+00:00,purchase,4.99,web,ads,B,1425,7
94,2024-04-01 12:00:00+00:00,purchase,1.99,ios,ads,C,1727,3
63,2024-04-01 18:00:00+00:00,feature_use,0.0,ios,organic,A,1487,5
5,2024-04-02 00:00:00+00:00,open,0.0,web,organic,A,1090,5
154,2024-04-02 06:00:00+00:00,open,0.0,android,ads,A,1184,10
67,2024-04-02 12:00:00+00:00,feature_use,9.99,android,email,C,1761,10
132,2024-04-02 18:00:00+00:00,open,0.0,ios,email,A,1094,8
82,2024-04-03 00:00:00+00:00,error,0.0,ios,organic,C,1594,7
75,2024-04-03 06:00:00+00:00,open,1.99,web,ads,C,1348,1
177,2024-04-03 12:00:00+00:00,feature_use,4.99,ios,email,A,1370,10
19,2024-04-03 18:00:00+00:00,purchase,1.99,android,email,C,1952,1
147,2024-04-04 00:00:00+00:00,open,1.99,ios,ads,A,1605,1
149,2024-04-04 06:00:00+00:00,open,1.99,ios,ads,A,1615,0
76,2024-04-04 12:00:00+00:00,feature_use,9.99,ios,organic,B,1350,10
53,2024-04-04 18:00:00+00:00,feature_use,0.0,web,organic,A,1381,5
2,2024-04-05 00:00:00+00:00,open,4.99,web,ads,A,1685,2
187,2024-04-05 06:00:00+00:00,feature_use,4.99,ios,email,A,1038,0
189,2024-04-05 12:00:00+00:00,purchase,9.99,android,organic,B,1237,4
48,2024-04-05 18:00:00+00:00,open,9.99,android,organic,A,1600,7
7,2024-04-06 00:00:00+00:00,open,4.99,android,ads,A,1623,10
25,2024-04-06 06:00:00+00:00,open,0.0,web,email,B,1092,6
14,2024-04-06 12:00:00+00:00,open,4.99,ios,ads,B,1787,6
166,2024-04-06 18:00:00+00:00,open,4.99,ios,email,C,1542,9
178,2024-04-07 00:00:00+00:00,open,0.0,android,organic,A,1237,9
31,2024-04-07 06:00:00+00:00,feature_use,4.99,android,email,B,1751,3
149,2024-04-07 12:00:00+00:00,open,0.0,ios,ads,C,1990,10
36,2024-04-07 18:00:00+00:00,error,1.99,web,ads,B,1423,5
74,2024-04-08 00:00:00+00:00,open,4.99,ios,email,A,1283,10
120,2024-04-08 06:00:00+00:00,open,0.0,ios,email,B,1299,1
144,2024-04-08 12:00:00+00:00,feature_use,0.0,android,organic,B,1592,1
175,2024-04-08 18:00:00+00:00,purchase,4.99,android,ads,A,1047,9
9,2024-04-09 00:00:00+00:00,open,0.0,ios,email,B,1483,7
40,2024-04-09 06:00:00+00:00,open,9.99,ios,organic,A,1024,1
56,2024-04-09 12:00:00+00:00,open,0.0,ios,email,B,1038,9
62,2024-04-09 18:00:00+00:00,feature_use,4.99,android,email,C,1430,1
199,2024-04-10 00:00:00+00:00,open,4.99,android,email,B,1745,7
155,2024-04-10 06:00:00+00:00,open,9.99,ios,email,C,1883,2
64,2024-04-10 12:00:00+00:00,open,0.0,android,email,A,1087,0
194,2024-04-10 18:00:00+00:00,open,9.99,web,organic,C,1244,8
100,2024-04-11 00:00:00+00:00,error,0.0,ios,ads,C,1421,9
100,2024-04-11 06:00:00+00:00,feature_use,0.0,web,organic,C,1574,1
87,2024-04-11 12:00:00+00:00,open,0.0,ios,email,C,1987,1
29,2024-04-11 18:00:00+00:00,open,1.99,ios,email,B,1684,6
186,2024-04-12 00:00:00+00:00,open,1.99,ios,organic,B,1538,0
3,2024-04-12 06:00:00+00:00,open,0.0,ios,email,C,1060,8
35,2024-04-12 12:00:00+00:00,feature_use,0.0,ios,ads,C,1080,10
46,2024-04-12 18:00:00+00:00,purchase,9.99,android,organic,B,1153,8
56,2024-04-13 00:00:00+00:00,purchase,0.0,android,organic,A,1660,2
27,2024-04-13 06:00:00+00:00,error,0.0,web,email,A,1331,2
4,2024-04-13 12:00:00+00:00,error,1.99,android,ads,A,1240,7
135,2024-04-13 18:00:00+00:00,error,0.0,android,ads,A,1670,0
193,2024-04-14 00:00:00+00:00,open,1.99,android,organic,A,1815,5
25,2024-04-14 06:00:00+00:00,open,9.99,ios,ads,A,1439,4
60,2024-04-14 12:00:00+00:00,open,0.0,web,organic,C,1881,8
101,2024-04-14 18:00:00+00:00,feature_use,0.0,ios,organic,A,1734,2
185,2024-04-15 00:00:00+00:00,open,1.99,web,email,B,1716,8
139,2024-04-15 06:00:00+00:00,purchase,4.99,web,email,B,1867,7
153,2024-04-15 12:00:00+00:00,feature_use,1.99,web,ads,A,1183,2
116,2024-04-15 18:00:00+00:00,feature_use,0.0,android,ads,C,1758,3
83,2024-04-16 00:00:00+00:00,open,1.99,ios,ads,C,1957,0
40,2024-04-16 06:00:00+00:00,open,9.99,web,ads,C,1992,4
172,2024-04-16 12:00:00+00:00,open,0.0,ios,email,C,1578,2
161,2024-04-16 18:00:00+00:00,purchase,9.99,android,ads,B,1754,1
5,2024-04-17 00:00:00+00:00,feature_use,4.99,web,ads,C,1888,6
143,2024-04-17 06:00:00+00:00,feature_use,0.0,web,email,A,1852,6
17,2024-04-17 12:00:00+00:00,open,0.0,web,email,C,1897,0
148,2024-04-17 18:00:00+00:00,open,4.99,ios,ads,C,1832,2
165,2024-04-18 00:00:00+00:00,open,0.0,web,ads,A,1381,0
27,2024-04-18 06:00:00+00:00,feature_use,0.0,ios,organic,B,1730,7
87,2024-04-18 12:00:00+00:00,feature_use,0.0,android,organic,B,1410,3
25,2024-04-18 18:00:00+00:00,open,1.99,web,email,A,1801,0
113,2024-04-19 00:00:00+00:00,purchase,0.0,android,organic,C,1810,2
185,2024-04-19 06:00:00+00:00,open,1.99,web,ads,A,1934,10
17,2024-04-19 12:00:00+00:00,purchase,9.99,android,organic,A,1588,2
80,2024-04-19 18:00:00+00:00,open,4.99,ios,organic,A,1475,7
194,2024-04-20 00:00:00+00:00,open,9.99,ios,organic,C,1165,5
60,2024-04-20 06:00:00+00:00,purchase,0.0,android,organic,A,1638,1
27,2024-04-20 12:00:00+00:00,open,0.0,web,email,B,1566,3
98,2024-04-20 18:00:00+00:00,open,0.0,android,email,C,1514,0
102,2024-04-21 00:00:00+00:00,open,9.99,web,ads,A,1676,8
132,2024-04-21 06:00:00+00:00,open,4.99,android,organic,C,1851,3
63,2024-04-21 12:00:00+00:00,feature_use,0.0,ios,email,A,1148,5
191,2024-04-21 18:00:00+00:00,purchase,1.99,ios,organic,C,1431,1
104,2024-04-22 00:00:00+00:00,purchase,1.99,android,organic,A,1722,9
58,2024-04-22 06:00:00+00:00,open,0.0,web,ads,A,1819,2
192,2024-04-22 12:00:00+00:00,feature_use,0.0,web,ads,C,1778,6
185,2024-04-22 18:00:00+00:00,open,0.0,ios,email,C,1799,9
100,2024-04-23 00:00:00+00:00,open,0.0,android,email,C,1855,7
5,2024-04-23 06:00:00+00:00,open,0.0,web,email,C,1961,6
119,2024-04-23 12:00:00+00:00,purchase,4.99,android,ads,B,1608,9
111,2024-04-23 18:00:00+00:00,purchase,9.99,ios,ads,A,1248,1
30,2024-04-24 00:00:00+00:00,feature_use,4.99,android,ads,A,1563,10
127,2024-04-24 06:00:00+00:00,feature_use,0.0,ios,organic,B,1709,6
168,2024-04-24 12:00:00+00:00,open,9.99,ios,organic,B,1100,4
22,2024-04-24 18:00:00+00:00,feature_use,0.0,android,email,B,1756,2
144,2024-04-25 00:00:00+00:00,feature_use,0.0,ios,email,A,1544,8
28,2024-04-25 06:00:00+00:00,open,9.99,android,ads,B,1936,10
150,2024-04-25 12:00:00+00:00,open,9.99,android,email,A,1211,7
84,2024-04-25 18:00:00+00:00,open,0.0,android,ads,A,1906,0
2,2024-04-26 00:00:00+00:00,error,0.0,android,ads,A,1448,5
193,2024-04-26 06:00:00+00:00,open,4.99,ios,organic,B,1573,8
34,2024-04-26 12:00:00+00:00,error,1.99,web,ads,B,1660,4
119,2024-04-26 18:00:00+00:00,open,0.0,web,organic,A,1579,8
37,2024-04-27 00:00:00+00:00,feature_use,1.99,web,organic,B,1903,7
186,2024-04-27 06:00:00+00:00,open,9.99,web,ads,A,1167,0
147,2024-04-27 12:00:00+00:00,open,0.0,android,organic,A,1729,6
161,2024-04-27 18:00:00+00:00,open,4.99,web,organic,A,1974,1
86,2024-04-28 00:00:00+00:00,open,4.99,android,email,B,1220,5
94,2024-04-28 06:00:00+00:00,purchase,9.99,ios,ads,C,1255,4
127,2024-04-28 12:00:00+00:00,open,0.0,web,ads,A,1475,8
157,2024-04-28 18:00:00+00:00,feature_use,0.0,ios,organic,A,1724,9
169,2024-04-29 00:00:00+00:00,open,1.99,web,ads,A,1958,5
4,2024-04-29 06:00:00+00:00,open,1.99,android,email,B,1795,5
133,2024-04-29 12:00:00+00:00,feature_use,0.0,web,ads,C,1794,6
22,2024-04-29 18:00:00+00:00,open,4.99,android,organic,A,1441,7
58,2024-04-30 00:00:00+00:00,error,4.99,android,email,B,1645,6
166,2024-04-30 06:00:00+00:00,purchase,0.0,ios,ads,C,1211,8
50,2024-04-30 12:00:00+00:00,feature_use,4.99,web,ads,C,1463,10
159,2024-04-30 18:00:00+00:00,open,0.0,ios,email,B,1188,9
93,2024-05-01 00:00:00+00:00,open,0.0,android,organic,C,1027,1
47,2024-05-01 06:00:00+00:00,purchase,0.0,android,ads,C,1856,5
67,2024-05-01 12:00:00+00:00,open,0.0,android,ads,C,1804,5
106,2024-05-01 18:00:00+00:00,open,9.99,ios,email,A,1510,5
153,2024-05-02 00:00:00+00:00,open,0.0,android,email,A,1014,5
121,2024-05-02 06:00:00+00:00,feature_use,4.99,android,organic,A,1090,7
186,2024-05-02 12:00:00+00:00,feature_use,0.0,ios,organic,C,1111,4
173,2024-05-02 18:00:00+00:00,feature_use,1.99,ios,email,B,1717,2
150,2024-05-03 00:00:00+00:00,feature_use,0.0,web,ads,A,1203,5
121,2024-05-03 06:00:00+00:00,open,4.99,ios,ads,B,1250,9
58,2024-05-03 12:00:00+00:00,purchase,9.99,ios,email,A,1861,3
83,2024-05-03 18:00:00+00:00,open,1.99,android,ads,C,1876,0
24,2024-05-04 00:00:00+00:00,feature_use,0.0,ios,email,B,1763,10
75,2024-05-04 06:00:00+00:00,open,0.0,android,organic,C,1309,2
185,2024-05-04 12:00:00+00:00,error,0.0,ios,email,A,1579,6
85,2024-05-04 18:00:00+00:00,open,0.0,android,ads,B,1200,8
23,2024-05-05 00:00:00+00:00,open,0.0,web,email,A,1857,3
130,2024-05-05 06:00:00+00:00,open,1.99,android,ads,C,1084,3
192,2024-05-05 12:00:00+00:00,open,0.0,web,ads,B,1744,3
173,2024-05-05 18:00:00+00:00,open,0.0,web,email,B,1511,1
55,2024-05-06 00:00:00+00:00,feature_use,0.0,ios,organic,B,1757,1
91,2024-05-06 06:00:00+00:00,open,9.99,android,email,A,1450,2
106,2024-05-06 12:00:00+00:00,purchase,9.99,ios,ads,C,1158,5
50,2024-05-06 18:00:00+00:00,open,4.99,android,ads,B,1751,5
54,2024-05-07 00:00:00+00:00,feature_use,0.0,ios,organic,C,1631,0
48,2024-05-07 06:00:00+00:00,open,0.0,web,email,A,1464,9
198,2024-05-07 12:00:00+00:00,feature_use,9.99,ios,organic,A,1372,7
149,2024-05-07 18:00:00+00:00,feature_use,1.99,android,email,C,1343,0
168,2024-05-08 00:00:00+00:00,open,0.0,ios,email,A,1481,9
163,2024-05-08 06:00:00+00:00,error,0.0,web,email,A,1261,0
191,2024-05-08 12:00:00+00:00,open,0.0,web,organic,C,1282,6
21,2024-05-08 18:00:00+00:00,open,9.99,web,email,A,1278,5
176,2024-05-09 00:00:00+00:00,feature_use,0.0,android,organic,A,1012,5
14,2024-05-09 06:00:00+00:00,purchase,9.99,ios,email,B,1927,10
95,2024-05-09 12:00:00+00:00,open,4.99,web,organic,A,1236,10
119,2024-05-09 18:00:00+00:00,open,9.99,android,organic,A,1165,3
72,2024-05-10 00:00:00+00:00,purchase,4.99,web,organic,A,1151,6
30,2024-05-10 06:00:00+00:00,feature_use,0.0,web,organic,A,1988,10
39,2024-05-10 12:00:00+00:00,error,4.99,android,email,A,1476,8
165,2024-05-10 18:00:00+00:00,feature_use,0.0,web,email,C,1326,9
64,2024-05-11 00:00:00+00:00,feature_use,0.0,web,organic,A,1403,4
62,2024-05-11 06:00:00+00:00,open,0.0,android,ads,A,1088,3
184,2024-05-11 12:00:00+00:00,purchase,0.0,ios,organic,A,1313,5
29,2024-05-11 18:00:00+00:00,open,0.0,ios,ads,B,1248,8
183,2024-05-12 00:00:00+00:00,feature_use,0.0,android,ads,C,1803,10
184,2024-05-12 06:00:00+00:00,open,0.0,android,ads,B,1058,7
120,2024-05-12 12:00:00+00:00,feature_use,0.0,ios,organic,A,1425,7
33,2024-05-12 18:00:00+00:00,feature_use,0.0,ios,email,A,1790,5
32,2024-05-13 00:00:00+00:00,feature_use,0.0,web,organic,B,1833,3
57,2024-05-13 06:00:00+00:00,purchase,9.99,web,organic,A,1512,4
115,2024-05-13 12:00:00+00:00,open,0.0,ios,ads,C,1222,5
31,2024-05-13 18:00:00+00:00,feature_use,0.0,android,email,C,1336,8
91,2024-05-14 00:00:00+00:00,open,0.0,ios,ads,B,1222,6
23,2024-05-14 06:00:00+00:00,open,0.0,web,email,C,1662,8
108,2024-05-14 12:00:00+00:00,open,1.99,web,email,A,1292,0
5,2024-05-14 18:00:00+00:00,open,4.99,web,email,A,1630,8
142,2024-05-15 00:00:00+00:00,open,4.99,android,ads,C,1655,5
12,2024-05-15 06:00:00+00:00,feature_use,1.99,android,ads,C,1939,10
39,2024-05-15 12:00:00+00:00,feature_use,0.0,web,ads,A,1370,5
35,2024-05-15 18:00:00+00:00,feature_use,4.99,android,email,B,1961,5
166,2024-05-16 00:00:00+00:00,open,0.0,android,ads,A,1400,1
11,2024-05-16 06:00:00+00:00,open,1.99,web,email,B,1680,8
86,2024-05-16 12:00:00+00:00,open,0.0,android,ads,C,1661,7
118,2024-05-16 18:00:00+00:00,feature_use,9.99,web,ads,C,1817,9
103,2024-05-17 00:00:00+00:00,purchase,0.0,android,ads,B,1469,1
136,2024-05-17 06:00:00+00:00,open,1.99,web,email,C,1792,2
160,2024-05-17 12:00:00+00:00,feature_use,0.0,ios,organic,B,1355,9
79,2024-05-17 18:00:00+00:00,open,1.99,ios,organic,C,1491,0
165,2024-05-18 00:00:00+00:00,open,9.99,ios,organic,A,1499,5
64,2024-05-18 06:00:00+00:00,open,4.99,android,organic,B,1704,4
196,2024-05-18 12:00:00+00:00,open,0.0,web,organic,B,1618,10
101,2024-05-18 18:00:00+00:00,feature_use,0.0,ios,organic,B,1078,9
147,2024-05-19 00:00:00+00:00,purchase,4.99,ios,ads,A,1809,9
175,2024-05-19 06:00:00+00:00,open,0.0,web,ads,A,1758,3
158,2024-05-19 12:00:00+00:00,feature_use,0.0,web,organic,C,1104,6
170,2024-05-19 18:00:00+00:00,feature_use,0.0,android,ads,A,1961,7
107,2024-05-20 00:00:00+00:00,error,0.0,android,organic,B,1660,10
9,2024-05-20 06:00:00+00:00,feature_use,0.0,android,ads,B,1084,0
99,2024-05-20 12:00:00+00:00,open,0.0,ios,email,B,1491,10
37,2024-05-20 18:00:00+00:00,feature_use,4.99,ios,ads,A,1836,3
177,2024-05-21 00:00:00+00:00,open,4.99,web,ads,A,1279,1
48,2024-05-21 06:00:00+00:00,error,0.0,android,organic,A,1932,6
46,2024-05-21 12:00:00+00:00,open,0.0,web,ads,A,1418,8
50,2024-05-21 18:00:00+00:00,feature_use,0.0,web,organic,A,1226,1
128,2024-05-22 00:00:00+00:00,open,4.99,ios,ads,A,1356,0
114,2024-05-22 06:00:00+00:00,open,0.0,ios,ads,A,1524,9
189,2024-05-22 12:00:00+00:00,purchase,4.99,web,email,C,1688,10
83,2024-05-22 18:00:00+00:00,feature_use,9.99,ios,email,B,1927,1
57,2024-05-23 00:00:00+00:00,open,4.99,android,ads,A,1194,9
10,2024-05-23 06:00:00+00:00,purchase,0.0,web,email,B,1960,10
2,2024-05-23 12:00:00+00:00,purchase,9.99,web,email,A,1527,10
75,2024-05-23 18:00:00+00:00,open,4.99,web,organic,B,1127,2
185,2024-05-24 00:00:00+00:00,feature_use,1.99,ios,organic,A,1926,6
105,2024-05-24 06:00:00+00:00,open,9.99,ios,email,A,1349,10
178,2024-05-24 12:00:00+00:00,feature_use,9.99,ios,organic,A,1620,9
21,2024-05-24 18:00:00+00:00,open,0.0,ios,organic,B,1698,6
19,2024-05-25 00:00:00+00:00,open,9.99,ios,organic,B,1013,2
166,2024-05-25 06:00:00+00:00,purchase,4.99,web,email,B,1221,0
22,2024-05-25 12:00:00+00:00,purchase,0.0,ios,email,B,1686,2
11,2024-05-25 18:00:00+00:00,purchase,0.0,web,ads,C,1324,0
81,2024-05-26 00:00:00+00:00,error,4.99,android,organic,C,1009,2
185,2024-05-26 06:00:00+00:00,feature_use,0.0,android,email,B,1023,0
138,2024-05-26 12:00:00+00:00,feature_use,0.0,ios,ads,B,1826,8
20,2024-05-26 18:00:00+00:00,feature_use,4.99,ios,email,B,1153,6
167,2024-05-27 00:00:00+00:00,open,1.99,android,email,A,1100,5
168,2024-05-27 06:00:00+00:00,open,9.99,ios,email,B,1562,8
160,2024-05-27 12:00:00+00:00,open,0.0,web,ads,A,1118,4
180,2024-05-27 18:00:00+00:00,feature_use,0.0,ios,organic,C,1653,4
48,2024-05-28 00:00:00+00:00,open,9.99,ios,organic,B,1544,2
195,2024-05-28 06:00:00+00:00,open,1.99,web,organic,C,1648,4
64,2024-05-28 12:00:00+00:00,feature_use,0.0,android,email,C,1491,1
160,2024-05-28 18:00:00+00:00,open,0.0,ios,organic,B,1778,6
116,2024-05-29 00:00:00+00:00,open,0.0,web,organic,C,1644,10
156,2024-05-29 06:00:00+00:00,purchase,1.99,ios,email,B,1415,5
125,2024-05-29 12:00:00+00:00,purchase,0.0,web,email,A,1015,3
128,2024-05-29 18:00:00+00:00,open,1.99,web,email,A,1273,7
123,2024-05-30 00:00:00+00:00,open,0.0,web,organic,A,1131,9
156,2024-05-30 06:00:00+00:00,open,1.99,web,email,C,1015,5
148,2024-05-30 12:00:00+00:00,feature_use,0.0,ios,ads,B,1273,2
27,2024-05-30 18:00:00+00:00,purchase,1.99,web,organic,A,1206,7
165,2024-05-31 00:00:00+00:00,open,9.99,ios,organic,B,1076,2
107,2024-05-31 06:00:00+00:00,feature_use,0.0,android,ads,A,1312,10
65,2024-05-31 12:00:00+00:00,open,0.0,ios,organic,C,1506,3
103,2024-05-31 18:00:00+00:00,open,4.99,android,organic,C,1178,3
193,2024-06-01 00:00:00+00:00,error,1.99,web,organic,A,1273,7
171,2024-06-01 06:00:00+00:00,open,4.99,android,ads,C,1020,0
166,2024-06-01 12:00:00+00:00,open,1.99,ios,ads,B,1050,2
93,2024-06-01 18:00:00+00:00,open,4.99,ios,ads,A,1157,1
157,2024-06-02 00:00:00+00:00,feature_use,1.99,web,organic,C,1452,4
77,2024-06-02 06:00:00+00:00,purchase,0.0,android,ads,A,1666,6
137,2024-06-02 12:00:00+00:00,error,4.99,android,organic,A,1788,1
128,2024-06-02 18:00:00+00:00,open,0.0,android,email,A,1629,3
50,2024-06-03 00:00:00+00:00,open,0.0,ios,email,B,1616,8
54,2024-06-03 06:00:00+00:00,feature_use,0.0,android,ads,B,1935,10
13,2024-06-03 12:00:00+00:00,open,0.0,android,email,A,1255,0
28,2024-06-03 18:00:00+00:00,purchase,0.0,web,ads,A,1798,6
87,2024-06-04 00:00:00+00:00,feature_use,9.99,android,ads,A,1936,0
96,2024-06-04 06:00:00+00:00,open,0.0,web,ads,C,1567,5
33,2024-06-04 12:00:00+00:00,purchase,0.0,web,ads,C,1840,9
83,2024-06-04 18:00:00+00:00,open,0.0,ios,email,C,1137,8
121,2024-06-05 00:00:00+00:00,open,4.99,android,ads,B,1878,2
47,2024-06-05 06:00:00+00:00,feature_use,4.99,android,email,B,1564,2
68,2024-06-05 12:00:00+00:00,feature_use,4.99,ios,organic,C,1221,8
74,2024-06-05 18:00:00+00:00,feature_use,0.0,ios,ads,B,1061,9
101,2024-06-06 00:00:00+00:00,feature_use,9.99,web,organic,B,1719,3
73,2024-06-06 06:00:00+00:00,error,4.99,android,ads,A,1430,0
147,2024-06-06 12:00:00+00:00,error,0.0,ios,organic,B,1310,4
66,2024-06-06 18:00:00+00:00,feature_use,1.99,ios,organic,A,1390,6
87,2024-06-07 00:00:00+00:00,open,0.0,ios,organic,A,1991,4
76,2024-06-07 06:00:00+00:00,feature_use,4.99,ios,ads,C,1427,10
37,2024-06-07 12:00:00+00:00,error,9.99,ios,email,C,1078,8
137,2024-06-07 18:00:00+00:00,open,0.0,web,organic,A,1279,8
47,2024-06-08 00:00:00+00:00,open,1.99,web,ads,A,1145,0
60,2024-06-08 06:00:00+00:00,open,0.0,android,organic,A,1685,9
158,2024-06-08 12:00:00+00:00,open,0.0,android,ads,C,1800,8
189,2024-06-08 18:00:00+00:00,feature_use,1.99,web,email,A,1840,4
134,2024-06-09 00:00:00+00:00,open,4.99,web,email,A,1632,6
183,2024-06-09 06:00:00+00:00,feature_use,9.99,ios,ads,A,1768,9
170,2024-06-09 12:00:00+00:00,purchase,9.99,web,email,C,1417,9
96,2024-06-09 18:00:00+00:00,purchase,0.0,ios,email,B,1627,6
154,2024-06-10 00:00:00+00:00,open,9.99,ios,organic,C,1106,0
66,2024-06-10 06:00:00+00:00,open,1.99,android,ads,C,1538,6
92,2024-06-10 12:00:00+00:00,feature_use,1.99,web,email,A,1557,7
107,2024-06-10 18:00:00+00:00,purchase,1.99,ios,email,C,1031,0
192,2024-06-11 00:00:00+00:00,open,9.99,ios,email,B,1548,8
169,2024-06-11 06:00:00+00:00,purchase,4.99,ios,email,B,1722,2
98,2024-06-11 12:00:00+00:00,open,0.0,android,email,A,1367,9
130,2024-06-11 18:00:00+00:00,purchase,0.0,web,email,C,1544,6
41,2024-06-12 00:00:00+00:00,open,0.0,ios,ads,C,1286,3
161,2024-06-12 06:00:00+00:00,open,1.99,ios,organic,B,1270,0
111,2024-06-12 12:00:00+00:00,feature_use,4.99,ios,ads,A,1129,0
107,2024-06-12 18:00:00+00:00,open,0.0,ios,ads,C,1327,8
153,2024-06-13 00:00:00+00:00,open,1.99,ios,email,C,1803,4
126,2024-06-13 06:00:00+00:00,open,9.99,android,email,B,1935,9
15,2024-06-13 12:00:00+00:00,open,0.0,android,organic,B,1635,2
58,2024-06-13 18:00:00+00:00,feature_use,0.0,android,email,A,1624,10
36,2024-06-14 00:00:00+00:00,open,1.99,web,ads,A,1613,10
147,2024-06-14 06:00:00+00:00,feature_use,0.0,android,ads,C,1475,1
7,2024-06-14 12:00:00+00:00,purchase,9.99,ios,email,B,1423,7
41,2024-06-14 18:00:00+00:00,open,9.99,android,organic,A,1620,10
119,2024-06-15 00:00:00+00:00,open,1.99,ios,organic,C,1784,3
139,2024-06-15 06:00:00+00:00,purchase,0.0,web,organic,A,1413,0
101,2024-06-15 12:00:00+00:00,purchase,1.99,ios,ads,A,1565,9
172,2024-06-15 18:00:00+00:00,feature_use,0.0,ios,email,A,1470,5
183,2024-06-16 00:00:00+00:00,purchase,0.0,web,email,B,1285,0
27,2024-06-16 06:00:00+00:00,open,0.0,android,email,B,1290,9
190,2024-06-16 12:00:00+00:00,open,0.0,ios,organic,A,1078,7
123,2024-06-16 18:00:00+00:00,feature_use,0.0,web,organic,B,1439,0
127,2024-06-17 00:00:00+00:00,open,1.99,ios,email,B,1712,2
19,2024-06-17 06:00:00+00:00,feature_use,0.0,web,organic,B,1685,0
124,2024-06-17 12:00:00+00:00,feature_use,1.99,web,organic,B,1985,10
145,2024-06-17 18:00:00+00:00,feature_use,0.0,android,ads,C,1039,0
116,2024-06-18 00:00:00+00:00,open,0.0,android,organic,C,1760,8
17,2024-06-18 06:00:00+00:00,open,4.99,android,organic,A,1795,5
105,2024-06-18 12:00:00+00:00,open,1.99,android,organic,C,1436,6
187,2024-06-18 18:00:00+00:00,open,4.99,ios,ads,B,1282,8
144,2024-06-19 00:00:00+00:00,feature_use,4.99,ios,ads,A,1357,9
28,2024-06-19 06:00:00+00:00,open,0.0,ios,email,B,1682,1
192,2024-06-19 12:00:00+00:00,open,0.0,web,organic,C,1862,0
191,2024-06-19 18:00:00+00:00,open,1.99,ios,organic,C,1642,1
34,2024-06-20 00:00:00+00:00,open,9.99,android,organic,B,1514,7
160,2024-06-20 06:00:00+00:00,purchase,0.0,web,organic,A,1652,6
81,2024-06-20 12:00:00+00:00,open,0.0,web,email,A,1070,0
119,2024-06-20 18:00:00+00:00,error,9.99,ios,ads,A,1608,2
89,2024-06-21 00:00:00+00:00,open,9.99,ios,email,C,1042,5
156,2024-06-21 06:00:00+00:00,feature_use,0.0,web,ads,B,1959,8
199,2024-06-21 12:00:00+00:00,open,0.0,ios,organic,B,1889,3
159,2024-06-21 18:00:00+00:00,open,1.99,ios,organic,C,1508,10
186,2024-06-22 00:00:00+00:00,purchase,0.0,web,email,C,1374,10
189,2024-06-22 06:00:00+00:00,error,0.0,web,ads,C,1732,8
18,2024-06-22 12:00:00+00:00,purchase,0.0,web,organic,A,1637,4
51,2024-06-22 18:00:00+00:00,open,1.99,web,ads,B,1705,9
144,2024-06-23 00:00:00+00:00,open,0.0,ios,ads,C,1515,8
118,2024-06-23 06:00:00+00:00,feature_use,0.0,ios,email,C,1236,5
10,2024-06-23 12:00:00+00:00,open,0.0,ios,email,A,1073,4
19,2024-06-23 18:00:00+00:00,feature_use,4.99,ios,organic,B,1283,9
104,2024-06-24 00:00:00+00:00,feature_use,0.0,web,organic,C,1528,6
123,2024-06-24 06:00:00+00:00,feature_use,0.0,ios,organic,A,1424,2
34,2024-06-24 12:00:00+00:00,purchase,0.0,android,ads,B,1506,10
35,2024-06-24 18:00:00+00:00,feature_use,9.99,web,organic,A,1277,0
26,2024-06-25 00:00:00+00:00,open,9.99,web,ads,C,1937,7
113,2024-06-25 06:00:00+00:00,open,1.99,ios,email,A,1366,7
2,2024-06-25 12:00:00+00:00,feature_use,0.0,android,organic,A,1846,6
114,2024-06-25 18:00:00+00:00,open,4.99,android,ads,A,1390,0
95,2024-06-26 00:00:00+00:00,open,0.0,web,organic,A,1443,5
93,2024-06-26 06:00:00+00:00,open,9.99,android,email,B,1603,9
136,2024-06-26 12:00:00+00:00,feature_use,0.0,ios,ads,A,1263,2
105,2024-06-26 18:00:00+00:00,purchase,9.99,web,email,B,1219,7
145,2024-06-27 00:00:00+00:00,feature_use,4.99,web,organic,B,1379,9
153,2024-06-27 06:00:00+00:00,open,0.0,android,organic,B,1804,10
184,2024-06-27 12:00:00+00:00,open,4.99,ios,email,C,1144,5
160,2024-06-27 18:00:00+00:00,feature_use,0.0,android,organic,B,1437,3
104,2024-06-28 00:00:00+00:00,open,0.0,web,ads,B,1672,7
98,2024-06-28 06:00:00+00:00,feature_use,0.0,web,email,C,1706,5
47,2024-06-28 12:00:00+00:00,feature_use,4.99,android,ads,A,1434,6
120,2024-06-28 18:00:00+00:00,open,0.0,ios,organic,C,1081,8
28,2024-06-29 00:00:00+00:00,open,1.99,android,email,C,1015,7
186,2024-06-29 06:00:00+00:00,open,1.99,web,organic,A,1469,2
169,2024-06-29 12:00:00+00:00,purchase,4.99,web,email,A,1810,8
24,2024-06-29 18:00:00+00:00,feature_use,9.99,ios,organic,B,1028,5
157,2024-06-30 00:00:00+00:00,open,0.0,ios,ads,A,1887,10
24,2024-06-30 06:00:00+00:00,purchase,9.99,android,ads,B,1675,7
144,2024-06-30 12:00:00+00:00,open,0.0,ios,organic,C,1008,9
18,2024-06-30 18:00:00+00:00,open,1.99,web,ads,B,1343,10
98,2024-07-01 00:00:00+00:00,purchase,0.0,ios,organic,A,1220,10
131,2024-07-01 06:00:00+00:00,open,1.99,android,organic,A,1949,8
146,2024-07-01 12:00:00+00:00,open,4.99,web,email,C,1554,6
84,2024-07-01 18:00:00+00:00,feature_use,9.99,web,ads,A,1324,1
184,2024-07-02 00:00:00+00:00,open,0.0,web,email,B,1278,4
155,2024-07-02 06:00:00+00:00,feature_use,9.99,ios,organic,C,1563,5
42,2024-07-02 12:00:00+00:00,open,0.0,web,organic,A,1005,8
134,2024-07-02 18:00:00+00:00,open,0.0,android,organic,B,1257,6
146,2024-07-03 00:00:00+00:00,open,0.0,ios,ads,B,1165,4
67,2024-07-03 06:00:00+00:00,open,1.99,android,email,A,1620,1
147,2024-07-03 12:00:00+00:00,open,4.99,android,ads,B,1669,7
179,2024-07-03 18:00:00+00:00,open,4.99,android,ads,B,1467,4
163,2024-07-04 00:00:00+00:00,purchase,0.0,ios,email,A,1140,0
152,2024-07-04 06:00:00+00:00,open,0.0,android,organic,C,1370,3
127,2024-07-04 12:00:00+00:00,open,9.99,android,email,B,1842,9
54,2024-07-04 18:00:00+00:00,open,0.0,ios,organic,A,1203,1
159,2024-07-05 00:00:00+00:00,open,0.0,web,ads,C,1163,4
73,2024-07-05 06:00:00+00:00,open,9.99,ios,ads,C,1111,5
106,2024-07-05 12:00:00+00:00,feature_use,0.0,web,organic,A,1816,0
63,2024-07-05 18:00:00+00:00,open,9.99,ios,ads,A,1119,1
63,2024-07-06 00:00:00+00:00,purchase,9.99,web,email,B,1581,10
32,2024-07-06 06:00:00+00:00,purchase,9.99,android,ads,B,1999,6
192,2024-07-06 12:00:00+00:00,open,1.99,ios,email,C,1641,2
30,2024-07-06 18:00:00+00:00,open,4.99,ios,ads,B,1412,1
18,2024-07-07 00:00:00+00:00,open,9.99,web,ads,B,1206,4
187,2024-07-07 06:00:00+00:00,feature_use,0.0,web,ads,A,1001,7
111,2024-07-07 12:00:00+00:00,open,0.0,ios,ads,B,1155,8
88,2024-07-07 18:00:00+00:00,purchase,0.0,android,organic,C,1952,2
147,2024-07-08 00:00:00+00:00,feature_use,1.99,android,ads,B,1143,7
77,2024-07-08 06:00:00+00:00,purchase,1.99,ios,organic,B,1019,9
26,2024-07-08 12:00:00+00:00,feature_use,0.0,android,organic,A,1816,2
146,2024-07-08 18:00:00+00:00,error,1.99,web,ads,C,1418,0
36,2024-07-09 00:00:00+00:00,open,0.0,web,ads,A,1356,10
111,2024-07-09 06:00:00+00:00,open,1.99,web,ads,A,1717,5
189,2024-07-09 12:00:00+00:00,open,1.99,ios,ads,A,1523,8
187,2024-07-09 18:00:00+00:00,purchase,1.99,ios,ads,C,1914,3
72,2024-07-10 00:00:00+00:00,feature_use,0.0,android,ads,B,1467,3
156,2024-07-10 06:00:00+00:00,purchase,0.0,ios,organic,C,1712,2
122,2024-07-10 12:00:00+00:00,open,4.99,android,ads,B,1878,2
96,2024-07-10 18:00:00+00:00,error,4.99,ios,ads,B,1463,5
28,2024-07-11 00:00:00+00:00,open,4.99,ios,organic,B,1284,1
75,2024-07-11 06:00:00+00:00,open,0.0,ios,organic,A,1974,9
130,2024-07-11 12:00:00+00:00,error,0.0,ios,ads,B,1226,5
197,2024-07-11 18:00:00+00:00,open,0.0,web,ads,C,1039,10
1,2024-07-12 00:00:00+00:00,open,1.99,ios,organic,C,1578,5
143,2024-07-12 06:00:00+00:00,feature_use,0.0,web,ads,B,1986,3
169,2024-07-12 12:00:00+00:00,open,0.0,ios,organic,C,1086,5
190,2024-07-12 18:00:00+00:00,open,0.0,ios,email,C,1849,1
85,2024-07-13 00:00:00+00:00,open,1.99,android,organic,B,1830,9
24,2024-07-13 06:00:00+00:00,open,9.99,web,ads,B,1928,7
54,2024-07-13 12:00:00+00:00,purchase,9.99,ios,email,A,1421,1
170,2024-07-13 18:00:00+00:00,feature_use,0.0,ios,ads,A,1254,6
175,2024-07-14 00:00:00+00:00,open,0.0,web,ads,C,1512,5
127,2024-07-14 06:00:00+00:00,open,0.0,android,ads,A,1142,2
25,2024-07-14 12:00:00+00:00,open,0.0,android,email,B,1842,1
25,2024-07-14 18:00:00+00:00,feature_use,4.99,web,email,C,1663,8
96,2024-07-15 00:00:00+00:00,purchase,9.99,web,organic,A,1483,2
118,2024-07-15 06:00:00+00:00,purchase,1.99,android,organic,C,1515,5
7,2024-07-15 12:00:00+00:00,open,0.0,android,organic,B,1712,2
137,2024-07-15 18:00:00+00:00,open,0.0,ios,organic,A,1523,7
109,2024-07-16 00:00:00+00:00,open,9.99,ios,organic,A,1839,0
3,2024-07-16 06:00:00+00:00,feature_use,0.0,android,email,C,1924,3
20,2024-07-16 12:00:00+00:00,open,0.0,ios,email,C,1949,6
91,2024-07-16 18:00:00+00:00,feature_use,0.0,web,ads,C,1620,4
144,2024-07-17 00:00:00+00:00,feature_use,0.0,web,organic,C,1742,6
165,2024-07-17 06:00:00+00:00,open,1.99,ios,email,A,1311,1
86,2024-07-17 12:00:00+00:00,open,9.99,android,organic,C,1038,4
59,2024-07-17 18:00:00+00:00,open,0.0,ios,ads,A,1400,8
193,2024-07-18 00:00:00+00:00,open,4.99,android,email,A,1871,3
92,2024-07-18 06:00:00+00:00,open,0.0,ios,organic,C,1133,1
63,2024-07-18 12:00:00+00:00,feature_use,0.0,android,organic,B,1545,9
89,2024-07-18 18:00:00+00:00,open,0.0,android,organic,B,1192,8
3,2024-07-19 00:00:00+00:00,open,9.99,android,ads,C,1429,7
61,2024-07-19 06:00:00+00:00,feature_use,1.99,android,organic,A,1143,8
103,2024-07-19 12:00:00+00:00,feature_use,4.99,ios,organic,B,1734,8
183,2024-07-19 18:00:00+00:00,open,0.0,web,email,C,1810,8
147,2024-07-20 00:00:00+00:00,purchase,0.0,web,ads,B,1758,5
156,2024-07-20 06:00:00+00:00,purchase,9.99,web,ads,B,1704,0
109,2024-07-20 12:00:00+00:00,feature_use,0.0,android,organic,B,1235,6
23,2024-07-20 18:00:00+00:00,feature_use,0.0,web,email,C,1530,3
78,2024-07-21 00:00:00+00:00,open,1.99,android,organic,A,1104,8
199,2024-07-21 06:00:00+00:00,purchase,1.99,web,organic,C,1374,5
9,2024-07-21 12:00:00+00:00,open,0.0,ios,email,C,1505,9
175,2024-07-21 18:00:00+00:00,purchase,0.0,ios,organic,C,1668,6
137,2024-07-22 00:00:00+00:00,feature_use,4.99,android,ads,B,1096,6
57,2024-07-22 06:00:00+00:00,open,0.0,android,email,B,1812,10
155,2024-07-22 12:00:00+00:00,open,0.0,web,organic,B,1458,5
167,2024-07-22 18:00:00+00:00,feature_use,0.0,ios,ads,A,1881,4
9,2024-07-23 00:00:00+00:00,feature_use,0.0,web,organic,C,1527,4
22,2024-07-23 06:00:00+00:00,open,4.99,ios,email,B,1547,9
133,2024-07-23 12:00:00+00:00,feature_use,1.99,android,organic,C,1692,8
199,2024-07-23 18:00:00+00:00,purchase,9.99,web,organic,A,1819,1
5,2024-07-24 00:00:00+00:00,open,0.0,android,organic,C,1157,5
133,2024-07-24 06:00:00+00:00,open,0.0,web,email,B,1511,4
28,2024-07-24 12:00:00+00:00,open,1.99,web,email,C,1029,7
130,2024-07-24 18:00:00+00:00,feature_use,0.0,web,ads,A,1474,0
125,2024-07-25 00:00:00+00:00,open,1.99,android,organic,B,1813,7
18,2024-07-25 06:00:00+00:00,purchase,9.99,android,organic,B,1865,8
136,2024-07-25 12:00:00+00:00,open,0.0,ios,ads,B,1283,2
179,2024-07-25 18:00:00+00:00,feature_use,1.99,android,email,A,1386,1
172,2024-07-26 00:00:00+00:00,open,4.99,web,ads,B,1551,6
6,2024-07-26 06:00:00+00:00,open,0.0,android,organic,A,1395,2
49,2024-07-26 12:00:00+00:00,feature_use,9.99,android,ads,B,1178,10
48,2024-07-26 18:00:00+00:00,open,0.0,ios,ads,A,1304,8
91,2024-07-27 00:00:00+00:00,feature_use,4.99,android,email,B,1404,10
29,2024-07-27 06:00:00+00:00,error,1.99,ios,ads,B,1518,5
171,2024-07-27 12:00:00+00:00,error,0.0,web,ads,A,1920,10
155,2024-07-27 18:00:00+00:00,purchase,4.99,android,email,C,1544,0
161,2024-07-28 00:00:00+00:00,open,0.0,ios,email,C,1387,3
40,2024-07-28 06:00:00+00:00,feature_use,1.99,ios,ads,A,1660,0
3,2024-07-28 12:00:00+00:00,purchase,9.99,web,ads,A,1773,7
182,2024-07-28 18:00:00+00:00,open,9.99,web,email,C,1430,5
58,2024-07-29 00:00:00+00:00,open,9.99,web,email,A,1489,3
131,2024-07-29 06:00:00+00:00,purchase,0.0,ios,email,C,1217,3
181,2024-07-29 12:00:00+00:00,open,1.99,ios,organic,B,1864,7
8,2024-07-29 18:00:00+00:00,feature_use,0.0,ios,ads,B,1866,1
2,2024-07-30 00:00:00+00:00,error,9.99,web,email,A,1174,5
2,2024-07-30 06:00:00+00:00,feature_use,0.0,web,ads,B,1346,6
32,2024-07-30 12:00:00+00:00,open,4.99,web,ads,A,1271,2
11,2024-07-30 18:00:00+00:00,open,0.0,ios,email,B,1922,2
164,2024-07-31 00:00:00+00:00,open,4.99,ios,organic,B,1065,3
121,2024-07-31 06:00:00+00:00,open,0.0,web,ads,A,1207,6
196,2024-07-31 12:00:00+00:00,feature_use,4.99,web,ads,B,1314,2
160,2024-07-31 18:00:00+00:00,purchase,0.0,web,organic,B,1560,4
192,2024-08-01 00:00:00+00:00,open,0.0,ios,ads,C,1248,5
48,2024-08-01 06:00:00+00:00,open,0.0,ios,email,A,1536,2
58,2024-08-01 12:00:00+00:00,purchase,0.0,ios,organic,C,1747,6
170,2024-08-01 18:00:00+00:00,open,4.99,web,organic,C,1828,1
49,2024-08-02 00:00:00+00:00,feature_use,0.0,web,organic,C,1099,1
12,2024-08-02 06:00:00+00:00,open,0.0,android,organic,C,1138,2
134,2024-08-02 12:00:00+00:00,feature_use,0.0,ios,organic,B,1095,3
160,2024-08-02 18:00:00+00:00,open,0.0,web,email,C,1909,0
193,2024-08-03 00:00:00+00:00,feature_use,1.99,ios,organic,C,1652,10
185,2024-08-03 06:00:00+00:00,open,1.99,web,organic,B,1531,3
24,2024-08-03 12:00:00+00:00,feature_use,0.0,web,organic,A,1790,8
154,2024-08-03 18:00:00+00:00,open,1.99,web,ads,B,1586,9
169,2024-08-04 00:00:00+00:00,open,1.99,web,email,C,1235,8
139,2024-08-04 06:00:00+00:00,feature_use,4.99,android,organic,C,1510,9
164,2024-08-04 12:00:00+00:00,open,1.99,android,email,B,1703,1
167,2024-08-04 18:00:00+00:00,open,4.99,ios,email,A,1036,4
89,2024-08-05 00:00:00+00:00,open,0.0,web,email,C,1606,8
8,2024-08-05 06:00:00+00:00,open,4.99,web,email,A,1497,6
91,2024-08-05 12:00:00+00:00,open,0.0,ios,email,A,1069,0
41,2024-08-05 18:00:00+00:00,purchase,0.0,web,organic,B,1263,6
23,2024-08-06 00:00:00+00:00,open,9.99,ios,email,C,1448,8
25,2024-08-06 06:00:00+00:00,purchase,0.0,android,ads,A,1342,9
139,2024-08-06 12:00:00+00:00,error,1.99,ios,email,B,1290,4
101,2024-08-06 18:00:00+00:00,open,1.99,android,ads,A,1649,2
108,2024-08-07 00:00:00+00:00,feature_use,4.99,android,email,B,1404,3
149,2024-08-07 06:00:00+00:00,purchase,0.0,android,ads,A,1497,3
110,2024-08-07 12:00:00+00:00,feature_use,0.0,web,organic,B,1798,3
126,2024-08-07 18:00:00+00:00,open,0.0,web,ads,B,1093,3
18,2024-08-08 00:00:00+00:00,open,9.99,android,ads,A,1359,5
170,2024-08-08 06:00:00+00:00,open,0.0,web,email,A,1073,0
90,2024-08-08 12:00:00+00:00,feature_use,1.99,android,email,C,1927,3
31,2024-08-08 18:00:00+00:00,error,0.0,ios,ads,A,1185,3
162,2024-08-09 00:00:00+00:00,error,0.0,ios,ads,A,1819,1
147,2024-08-09 06:00:00+00:00,open,0.0,ios,email,A,1190,9
11,2024-08-09 12:00:00+00:00,feature_use,0.0,web,email,C,1324,7
39,2024-08-09 18:00:00+00:00,open,0.0,android,ads,B,1608,10
4,2024-08-10 00:00:00+00:00,purchase,0.0,android,organic,A,1831,6
54,2024-08-10 06:00:00+00:00,open,4.99,android,ads,C,1177,1
20,2024-08-10 12:00:00+00:00,purchase,1.99,web,email,A,1213,9
142,2024-08-10 18:00:00+00:00,purchase,9.99,android,organic,B,1881,5
104,2024-08-11 00:00:00+00:00,open,0.0,ios,ads,A,1321,7
196,2024-08-11 06:00:00+00:00,open,0.0,ios,ads,C,1209,4
150,2024-08-11 12:00:00+00:00,purchase,1.99,android,organic,C,1743,5
122,2024-08-11 18:00:00+00:00,open,9.99,android,email,C,1091,5
102,2024-08-12 00:00:00+00:00,feature_use,1.99,web,ads,A,1866,3
11,2024-08-12 06:00:00+00:00,purchase,0.0,android,email,A,1875,6
14,2024-08-12 12:00:00+00:00,feature_use,0.0,web,organic,C,1856,8
123,2024-08-12 18:00:00+00:00,open,9.99,android,email,C,1295,0
1,2024-08-13 00:00:00+00:00,open,1.99,android,email,A,1114,1
9,2024-08-13 06:00:00+00:00,open,9.99,android,ads,C,1425,9
44,2024-08-13 12:00:00+00:00,error,1.99,android,ads,C,1334,6
176,2024-08-13 18:00:00+00:00,open,0.0,web,email,B,1959,10
92,2024-08-14 00:00:00+00:00,open,9.99,ios,ads,B,1631,6
142,2024-08-14 06:00:00+00:00,open,4.99,android,ads,A,1944,7
82,2024-08-14 12:00:00+00:00,error,4.99,ios,organic,A,1750,9
35,2024-08-14 18:00:00+00:00,open,9.99,web,email,A,1714,7
74,2024-08-15 00:00:00+00:00,purchase,0.0,web,email,A,1111,3
19,2024-08-15 06:00:00+00:00,feature_use,9.99,android,organic,C,1068,5
154,2024-08-15 12:00:00+00:00,purchase,0.0,web,ads,B,1046,2
37,2024-08-15 18:00:00+00:00,error,9.99,android,organic,C,1593,3
75,2024-08-16 00:00:00+00:00,purchase,0.0,ios,email,A,1201,7
196,2024-08-16 06:00:00+00:00,purchase,1.99,android,ads,C,1989,1
118,2024-08-16 12:00:00+00:00,open,4.99,web,organic,A,1132,7
92,2024-08-16 18:00:00+00:00,feature_use,0.0,ios,ads,C,1946,6
109,2024-08-17 00:00:00+00:00,feature_use,0.0,ios,ads,A,1667,3
157,2024-08-17 06:00:00+00:00,feature_use,9.99,ios,ads,A,1106,0
51,2024-08-17 12:00:00+00:00,purchase,0.0,web,email,A,1058,7
127,2024-08-17 18:00:00+00:00,error,1.99,android,email,C,1395,9
174,2024-08-18 00:00:00+00:00,feature_use,9.99,web,ads,A,1338,8
114,2024-08-18 06:00:00+00:00,open,1.99,web,email,B,1315,4
89,2024-08-18 12:00:00+00:00,open,0.0,android,organic,B,1528,7
29,2024-08-18 18:00:00+00:00,open,0.0,web,email,C,1129,4
50,2024-08-19 00:00:00+00:00,open,1.99,ios,email,B,1129,3
189,2024-08-19 06:00:00+00:00,open,1.99,ios,ads,A,1694,3
108,2024-08-19 12:00:00+00:00,open,1.99,android,email,B,1990,2
60,2024-08-19 18:00:00+00:00,open,0.0,android,organic,A,1273,10
84,2024-08-20 00:00:00+00:00,feature_use,1.99,ios,ads,C,1931,7
116,2024-08-20 06:00:00+00:00,open,4.99,ios,ads,C,1344,1
107,2024-08-20 12:00:00+00:00,purchase,4.99,ios,email,A,1335,9
140,2024-08-20 18:00:00+00:00,feature_use,0.0,web,organic,C,1090,1
52,2024-08-21 00:00:00+00:00,open,4.99,web,organic,A,1423,6
130,2024-08-21 06:00:00+00:00,open,4.99,web,ads,B,1497,1
89,2024-08-21 12:00:00+00:00,open,0.0,android,email,B,1663,3
188,2024-08-21 18:00:00+00:00,error,9.99,android,ads,A,1158,7
32,2024-08-22 00:00:00+00:00,open,1.99,web,ads,B,1188,10
30,2024-08-22 06:00:00+00:00,feature_use,0.0,android,organic,A,1432,10
92,2024-08-22 12:00:00+00:00,purchase,4.99,ios,email,C,1069,9
102,2024-08-22 18:00:00+00:00,error,1.99,android,ads,C,1143,2
138,2024-08-23 00:00:00+00:00,open,1.99,web,ads,C,1629,1
81,2024-08-23 06:00:00+00:00,open,0.0,android,organic,B,1953,9
182,2024-08-23 12:00:00+00:00,open,9.99,web,ads,B,1572,10
95,2024-08-23 18:00:00+00:00,open,9.99,web,organic,B,1144,3
26,2024-08-24 00:00:00+00:00,open,0.0,ios,ads,C,1990,0
24,2024-08-24 06:00:00+00:00,feature_use,4.99,web,ads,B,1521,7
194,2024-08-24 12:00:00+00:00,purchase,0.0,android,ads,B,1716,0
27,2024-08-24 18:00:00+00:00,feature_use,0.0,android,email,B,1196,0
189,2024-08-25 00:00:00+00:00,feature_use,9.99,ios,email,B,1578,10
56,2024-08-25 06:00:00+00:00,open,0.0,android,organic,B,1076,5
19,2024-08-25 12:00:00+00:00,purchase,0.0,ios,organic,C,1625,1
61,2024-08-25 18:00:00+00:00,feature_use,0.0,ios,email,B,1202,7
123,2024-08-26 00:00:00+00:00,purchase,4.99,web,ads,C,1909,4
86,2024-08-26 06:00:00+00:00,purchase,0.0,ios,organic,C,1054,5
157,2024-08-26 12:00:00+00:00,open,1.99,android,email,B,1652,9
122,2024-08-26 18:00:00+00:00,open,9.99,ios,email,C,1139,2
80,2024-08-27 00:00:00+00:00,open,1.99,ios,ads,A,1687,7
127,2024-08-27 06:00:00+00:00,open,4.99,android,email,C,1493,9
194,2024-08-27 12:00:00+00:00,purchase,0.0,web,organic,A,1967,4
82,2024-08-27 18:00:00+00:00,open,0.0,web,email,B,1651,10
31,2024-08-28 00:00:00+00:00,feature_use,9.99,android,ads,A,1371,4
82,2024-08-28 06:00:00+00:00,feature_use,9.99,android,organic,B,1087,5
168,2024-08-28 12:00:00+00:00,open,1.99,web,email,B,1595,9
44,2024-08-28 18:00:00+00:00,open,0.0,ios,ads,C,1441,6
189,2024-08-29 00:00:00+00:00,feature_use,0.0,web,email,A,1052,9
118,2024-08-29 06:00:00+00:00,feature_use,9.99,ios,ads,C,1581,8
120,2024-08-29 12:00:00+00:00,open,4.99,ios,email,C,1209,7
64,2024-08-29 18:00:00+00:00,open,0.0,android,organic,B,1234,2
184,2024-08-30 00:00:00+00:00,feature_use,1.99,ios,ads,B,1008,4
8,2024-08-30 06:00:00+00:00,open,1.99,web,ads,C,1372,9
60,2024-08-30 12:00:00+00:00,purchase,0.0,web,email,A,1218,6
84,2024-08-30 18:00:00+00:00,open,9.99,android,ads,C,1071,3
95,2024-08-31 00:00:00+00:00,open,0.0,web,organic,A,1434,3
95,2024-08-31 06:00:00+00:00,open,0.0,web,ads,C,1220,8
30,2024-08-31 12:00:00+00:00,feature_use,0.0,web,email,A,1134,1
45,2024-08-31 18:00:00+00:00,feature_use,4.99,web,organic,C,1466,1
19,2024-09-01 00:00:00+00:00,open,1.99,android,email,C,1063,8
114,2024-09-01 06:00:00+00:00,error,9.99,ios,ads,A,1990,3
70,2024-09-01 12:00:00+00:00,open,1.99,web,ads,B,1470,8
113,2024-09-01 18:00:00+00:00,open,0.0,android,organic,B,1996,5
118,2024-09-02 00:00:00+00:00,open,0.0,web,organic,A,1881,10
140,2024-09-02 06:00:00+00:00,open,0.0,web,email,B,1979,5
109,2024-09-02 12:00:00+00:00,feature_use,4.99,ios,email,C,1542,9
129,2024-09-02 18:00:00+00:00,open,4.99,android,email,A,1423,9
117,2024-09-03 00:00:00+00:00,feature_use,9.99,ios,ads,C,1719,2
130,2024-09-03 06:00:00+00:00,open,0.0,ios,ads,C,1080,10
123,2024-09-03 12:00:00+00:00,error,0.0,web,email,B,1840,8
63,2024-09-03 18:00:00+00:00,open,0.0,web,organic,B,1323,1
50,2024-09-04 00:00:00+00:00,purchase,0.0,web,email,B,1007,0
157,2024-09-04 06:00:00+00:00,open,0.0,web,organic,A,1237,2
69,2024-09-04 12:00:00+00:00,open,4.99,android,ads,B,1242,0
110,2024-09-04 18:00:00+00:00,purchase,4.99,android,organic,C,1014,3
40,2024-09-05 00:00:00+00:00,feature_use,0.0,web,email,A,1668,10
86,2024-09-05 06:00:00+00:00,feature_use,0.0,android,organic,C,1095,5
106,2024-09-05 12:00:00+00:00,open,1.99,android,ads,C,1846,0
125,2024-09-05 18:00:00+00:00,feature_use,0.0,ios,ads,C,1453,5
105,2024-09-06 00:00:00+00:00,purchase,0.0,web,email,B,1718,2
72,2024-09-06 06:00:00+00:00,feature_use,9.99,web,email,B,1339,9
192,2024-09-06 12:00:00+00:00,open,4.99,web,email,B,1131,0
103,2024-09-06 18:00:00+00:00,feature_use,1.99,android,ads,C,1180,8
